{"cameraMode":{"drawMode":0,"name":"Shaded","section":"Shading Mode"},"sceneLighting":false,"audioPlay":false,"sceneViewState":{"showFog":true,"showMaterialUpdate":false,"showSkybox":false,"showFlares":true,"showImageEffects":true,"showParticleSystems":true},"in2DMode":false,"pivot":{"x":-0.19999998807907105,"y":0.0,"z":9.630000114440918},"rotation":{"x":0.35384029150009158,"y":0.025244275107979776,"z":-0.009555494412779808,"w":0.9349231719970703},"size":1.299038052558899,"orthographic":false}